"CASE"	"SERIAL"	"REF"	"QUESTNNR"	"MODE"	"STARTED"	"B101"	"B102"	"B103"	"B104"	"B105"	"B106"	"B107"	"B108"	"B109"	"B110"	"B111"	"B112"	"B113"	"B114"	"B115"	"B116"	"B117"	"B118"	"B119"	"B120"	"B121"	"B122"	"B123"	"B124"	"B210"	"B206"	"B221"	"B217"	"B212"	"B218"	"B203"	"B213"	"B219"	"B223"	"B208"	"B220"	"B207"	"B209"	"B205"	"B204"	"B215"	"B201"	"B222"	"B224"	"B202"	"B211"	"B216"	"B214"	"B301"	"B302"	"B303"	"B304"	"B305"	"B306"	"B307"	"B308"	"B309"	"B310"	"B311"	"B312"	"B313"	"B314"	"B315"	"B316"	"B317"	"B318"	"B319"	"B320"	"B321"	"B322"	"B323"	"B324"	"B401"	"B402"	"B403"	"B404"	"B405"	"B406"	"B407"	"B408"	"B409"	"B410"	"B411"	"B412"	"B413"	"B414"	"B415"	"B416"	"B417"	"B418"	"B419"	"B420"	"B421"	"B422"	"B423"	"B424"	"B501"	"B502"	"B503"	"B504"	"B505"	"B506"	"B507"	"B508"	"B509"	"B510"	"B511"	"B512"	"B513"	"B514"	"B515"	"B516"	"B517"	"B518"	"B519"	"B520"	"B521"	"B522"	"B523"	"B524"	"B601"	"B602"	"B603"	"B604"	"B605"	"B606"	"B607"	"B608"	"B609"	"B610"	"B611"	"B612"	"B613"	"B614"	"B615"	"B616"	"B617"	"B618"	"B619"	"B620"	"B621"	"B622"	"B623"	"B624"	"B701"	"B702"	"B703"	"B704"	"B705"	"B706"	"B707"	"B708"	"B709"	"B710"	"B711"	"B712"	"B713"	"B714"	"B715"	"B716"	"B717"	"B718"	"B719"	"B720"	"B721"	"B722"	"B723"	"B724"	"B801"	"B802"	"B803"	"B804"	"B805"	"B806"	"B807"	"B808"	"B809"	"B810"	"B811"	"B812"	"B813"	"B814"	"B815"	"B816"	"B817"	"B818"	"B819"	"B820"	"B821"	"B822"	"B823"	"B824"	"B907"	"B916"	"B905"	"B903"	"B904"	"B921"	"B906"	"B914"	"B901"	"B924"	"B911"	"B913"	"B915"	"B908"	"B912"	"B917"	"B910"	"B920"	"B902"	"B923"	"B918"	"B909"	"B922"	"B919"	"C101"	"C102"	"C103"	"C104"	"C105"	"C106"	"C107"	"C108"	"C109"	"C110"	"C111"	"C112"	"C113"	"C114"	"C115"	"C116"	"C117"	"C118"	"C119"	"C120"	"C121"	"C122"	"C123"	"C124"	"C201"	"C202"	"C203"	"C204"	"C205"	"C206"	"C207"	"C208"	"C209"	"C210"	"C211"	"C212"	"C213"	"C214"	"C215"	"C216"	"C217"	"C218"	"C219"	"C220"	"C221"	"C222"	"C223"	"C224"	"C301"	"C302"	"C303"	"C304"	"C305"	"C306"	"C307"	"C308"	"C309"	"C310"	"C311"	"C312"	"C313"	"C314"	"C315"	"C316"	"C317"	"C318"	"C319"	"C320"	"C321"	"C322"	"C323"	"C324"	"C349_01"	"DE02"	"DE02_06"	"DE07"	"DE09"	"DE05"	"DE05_01"	"DE08"	"FB01_01"	"TIME001"	"TIME002"	"TIME003"	"TIME004"	"TIME005"	"TIME_SUM"	"MAILSENT"	"LASTDATA"	"FINISHED"	"Q_VIEWER"	"LASTPAGE"	"MAXPAGE"	"MISSING"	"MISSREL"	"TIME_RSI"	"DEG_TIME"
579	"CASE000578"	"578"	"bogen7"	"interview"	2022-06-13 15:44:02																																																																																																																																																	2	2	1	2	1	1	1	1	2	1	1	1	1	1	2	1	1	2	1	1	1	2	2	1																																																																																																																										1		1		2				3	31	111	18	3	0		2022-06-13 15:46:48	1	0	5	5	4	1		100
581	"CASE000580"	"580"	"bogen12"	"interview"	2022-06-13 15:44:06																																																																																																																																																																																																																																																																									1	1	1	2	1	1	2	1	2	2	1	1	2	1	1	1	1	1	2	1	2	1	1	1		3		4	2	2				12	14	82	25	8	141		2022-06-13 15:46:27	1	0	5	5	3	1	2.14	79
587	"CASE000586"	"586"	"bogen11"	"interview"	2022-06-13 15:44:26																																																																																																																																																																																																																																																	2	2	2	1	2	1	1	1	2	1	2	1	1	1	2	2	2	1	1	1	1	1	1	2																										1		1		2				12	55	117	29	4	217		2022-06-13 15:48:03	1	0	5	5	4	1	1.64	34
589	"CASE000588"	"588"	"bogen2"	"interview"	2022-06-13 15:45:57																									2	1	2	1	1	2	1	2	1	1	1	1	2	1	1	1	1	1	2	2	2	2	1	2																																																																																																																																																																																																																																																		3		2	3	2				2	4	109	14	7	136		2022-06-13 15:48:13	1	0	5	5	7	1	1.99	209
605	"CASE000604"	"604"	"bogen3"	"interview"	2022-06-13 15:54:10																																																	1	1	1	2	2	1	1	2	1	1	2	1	2	2	1	1	2	2	2	2	2	1	2	2																																																																																																																																																																																																																										1		1		2				36	220	530	20	12	818		2022-06-13 16:07:48	1	0	5	5	4	1	0.61	0
607	"CASE000606"	"606"	"bogen1"	"interview"	2022-06-13 15:54:27	1	1	1	1	1	1	1	1	1	1	1	2	2	1	1	1	1	1	1	1	1	1	1	1																																																																																																																																																																																																																																																																										3		3	5	2				5	20	98	20	12	155		2022-06-13 15:57:02	1	0	5	5	3	1	1.51	31
617	"CASE000616"	"616"	"bogen10"	"interview"	2022-06-13 15:55:59																																																																																																																																																																																																																									1	1	2	1	1	1	1	2	1	2	2	2	1	1	1	2	1	1	2	1	2	1	1	1																																																		4		1		1	" -1"	1		8	24	241	51	14	0		2022-06-13 16:01:38	1	0	5	5	3	1		100
625	"CASE000624"	"624"	"bogen1"	"interview"	2022-06-13 15:58:03	1	2	1	1	2	1	1	2	2	1	1	2	1	2	1	2	2	1	1	1	1	2	1	1																																																																																																																																																																																																																																																																										1		1		2				3	27	153	18	6	207		2022-06-13 16:01:31	1	0	5	5	4	1	1.59	31
633	"CASE000632"	"632"	"bogen2"	"interview"	2022-06-13 15:58:27																									2	1	2	1	1	2	1	2	2	2	2	2	2	2	1	2	2	2	2	1	2	2	1	2																																																																																																																																																																																																																																																		1		1		2				81	148	179	13	1	422		2022-06-13 16:05:29	1	0	5	5	7	1	1.27	63
635	"CASE000634"	"634"	"bogen12"	"interview"	2022-06-13 15:58:49																																																																																																																																																																																																																																																																									2	1	1	2	1	1	1	2	1	1	1	2	1	1	2	2	2	1	2	2	1	2	2	1		2		2	3	2				6	8	116	24	9	163		2022-06-13 16:01:32	1	0	5	5	3	1	2.14	129
643	"CASE000642"	"642"	"bogen8"	"interview"	2022-06-13 16:00:05																																																																																																																																																																									2	2	2	1	2	1	2	2	1	2	2	2	2	1	1	1	2	1	1	1	1	1	1	2																																																																																																		2		1		2				4	17	209	152	18	267		2022-06-13 16:06:45	1	0	5	5	4	1	1.39	31
663	"CASE000662"	"662"	"bogen2"	"interview"	2022-06-13 16:05:10																									1	2	2	1	1	2	1	2	2	2	2	2	1	2	2	2	2	1	1	2	2	2	1	2																																																																																																																																																																																																																																																		3		1		2				10	133	242	21	2	408		2022-06-13 16:11:58	1	0	5	5	7	1	1.6	42
665	"CASE000664"	"664"	"bogen3"	"interview"	2022-06-13 16:07:05																																																	1	1	1	2	1	2	1	2	2	1	2	1	1	1	1	1	2	1	2	2	1	2	2	1																																																																																																																																																																																																																										1		1		2			"Hope the AI will not be sexist or racist"	2	4	85	18	14	123		2022-06-13 16:09:09	1	0	5	5	0	0	2.06	159
667	"CASE000666"	"666"	"bogen10"	"interview"	2022-06-13 16:07:12																																																																																																																																																																																																																									1	1	2	1	2	2	1	2	2	1	1	2	2	2	1	2	1	1	1	1	2	2	1	1																																																		5		2	3	2				34	109	214	16	56	0		2022-06-13 16:14:21	1	0	5	5	3	1		100
673	"CASE000672"	"672"	"bogen4"	"interview"	2022-06-13 16:08:52																																																																									1	1	2	2	2	1	2	2	1	1	2	2	2	2	1	2	1	1	2	1	2	2	2	1																																																																																																																																																																																																		3		3	2	2				18674	70	2216	13	9	0		2022-06-13 21:58:34	1	0	5	5	3	1		100
681	"CASE000680"	"680"	"bogen7"	"interview"	2022-06-13 16:10:52																																																																																																																																																	1	1	1	2	1	1	1	1	1	1	1	1	1	1	2	1	2	1	1	1	2	1	2	1																																																																																																																										3		1		2				11440	224	186	16	2	0		2022-06-13 19:28:40	1	0	5	5	4	1		100
685	"CASE000684"	"684"	"bogen3"	"interview"	2022-06-13 16:11:52																																																	1	2	1	1	2	1	1	1	2	2	2	2	2	2	1	1	1	1	2	2	1	1	2	1																																																																																																																																																																																																																										3		1		2				5	36	112	12	3	168		2022-06-13 16:14:40	1	0	5	5	4	1	2.21	72
691	"CASE000690"	"690"	"bogen5"	"interview"	2022-06-13 16:14:57																																																																																																	2	1	2	1	2	2	1	1	1	1	1	1	2	1	1	1	2	2	1	1	2	2	2	1																																																																																																																																																																										3		1		1	"miopia"	1		251	319	432	51	16	0		2022-06-13 16:32:46	1	0	5	5	3	1		100
693	"CASE000692"	"692"	"bogen9"	"interview"	2022-06-13 16:15:25																																																																																																																																																																																																	2	2	1	1	1	2	2	2	1	1	1	1	1	1	2	1	2	2	2	1	2	1	1	1																																																																										3		1		1	" -6"	2		2	161	148	19	12	342		2022-06-13 16:21:07	1	0	5	5	3	1	1.47	105
713	"CASE000712"	"712"	"bogen3"	"interview"	2022-06-13 16:20:36																																																	2	2	1	2	2	1	1	2	2	2	2	2	1	2	2	1	2	2	1	2	1	2	1	2																																																																																																																																																																																																																										2		1		2			"{EM_SLIGHTLY_SMILING_FACE}"	7	10	124	17	8	166		2022-06-13 16:23:22	1	0	5	5	0	0	1.77	100
733	"CASE000732"	"732"	"bogen3"	"interview"	2022-06-13 16:28:01																																																	1	2	1	2	2	2	1	2	1	2	2	1	2	2	1	1	2	2	1	2	1	1	2	1																																																																																																																																																																																																																										2		1		2				91	194	202	40	3	450		2022-06-13 16:36:51	1	0	5	5	4	1	1.01	32
735	"CASE000734"	"734"	"bogen10"	"interview"	2022-06-13 16:28:03																																																																																																																																																																																																																									1	1	2	1	1	1	2	2	1	1	1	2	2	2	1	2	1	1	2	1	2	2	2	2																																																		3		3	3	2				77	115	228	29	20	0		2022-06-13 16:35:52	1	0	5	5	3	1		100
741	"CASE000740"	"740"	"bogen8"	"interview"	2022-06-13 16:29:37																																																																																																																																																																									2	1	2	1	2	2	1	1	1	2	1	1	2	1	1	1	1	1	1	1	1	2	2	2																																																																																																		2		2	4	2				2	44	201	34	17	298		2022-06-13 16:34:35	1	0	5	5	3	1	1.29	36
743	"CASE000742"	"742"	"bogen6"	"interview"	2022-06-13 16:31:22																																																																																																																									1	1	1	1	1	1	1	1	1	1	1	2	1	1	2	1	2	1	2	2	2	1	1	1																																																																																																																																																		1		1		2				2	101	108	37	3	0		2022-06-13 16:35:33	1	0	5	5	4	1		100
757	"CASE000756"	"756"	"bogen4"	"interview"	2022-06-13 16:42:25																																																																									1	2	2	1	2	1	2	2	1	1	2	2	2	1	1	2	1	2	2	2	2	2	2	1																																																																																																																																																																																																		2		1		2				115	257	375	83	3	0		2022-06-13 16:56:18	1	0	5	5	4	1		100
761	"CASE000760"	"760"	"bogen2"	"interview"	2022-06-13 16:43:33																									1	2	2	1	2	2	1	2	1	1	2	1	1	1	2	2	1	1	1	1	2	1	1	1																																																																																																																																																																																																																																																		4		1		2				2	16	73	22	2	115		2022-06-13 16:45:28	1	0	5	5	7	1	2.48	199
783	"CASE000782"	"782"	"bogen1"	"interview"	2022-06-13 17:00:36	2	1	1	1	1	1	1	2	2	1	2	2	2	2	1	1	2	1	1	1	2	2	2	1																																																																																																																																																																																																																																																																										3		1		2				90	145	158	119	3	338		2022-06-13 17:09:11	1	0	5	5	4	1	0.66	7
785	"CASE000784"	"784"	"bogen7"	"interview"	2022-06-13 17:06:31																																																																																																																																																	1	2	1	2	1	2	1	2	2	1	1	1	2	1	2	2	2	1	1	1	1	1	2	2																																																																																																																										2		1		2				13	122	218	20	3	0		2022-06-13 17:12:47	1	0	5	5	4	1		100
789	"CASE000788"	"788"	"bogen8"	"interview"	2022-06-13 17:07:57																																																																																																																																																																									2	2	2	1	2	1	2	2	2	2	1	2	2	2	1	2	2	1	1	1	2	1	2	2																																																																																																		4		1		2			"Nothing:)"	3	10	57	11	10	91		2022-06-13 17:09:28	1	0	5	5	0	0	2.42	90
801	"CASE000800"	"800"	"bogen2"	"interview"	2022-06-13 17:27:07																									1	2	1	1	1	2	1	1	2	2	1	1	1	1	1	1	2	1	1	1	1	1	2	2																																																																																																																																																																																																																																																		2		1		2				6	48	196	14	1	265		2022-06-13 17:31:33	1	0	5	5	7	1	2.07	108
815	"CASE000814"	"814"	"bogen12"	"interview"	2022-06-13 17:42:41																																																																																																																																																																																																																																																																									1	1	1	2	2	1	1	2	1	2	2	2	2	2	2	2	2	2	1	1	1	1	2	1		3		3	2	2				44	148	249	19	21	481		2022-06-13 17:50:42	1	0	5	5	3	1	0.8	3
823	"CASE000822"	"822"	"bogen11"	"interview"	2022-06-13 17:49:07																																																																																																																																																																																																																																																	2	2	2	1	1	2	2	2	2	1	1	1	2	1	2	2	1	1	2	2	1	2	1	2																										1		1		2				4	25	100	14	3	146		2022-06-13 17:51:33	1	0	5	5	4	1	2.53	102
834	"CASE000833"	"833"	"bogen12"	"interview"	2022-06-13 17:54:53																																																																																																																																																																																																																																																																									2	1	1	2	1	1	1	1	1	1	1	2	1	2	2	1	1	2	2	2	1	1	2	2		5		1		2				6	29	97	29	3	164		2022-06-13 17:57:37	1	0	5	5	4	1	2.33	102
838	"CASE000837"	"837"	"bogen9"	"interview"	2022-06-13 17:56:24																																																																																																																																																																																																	2	1	1	1	1	2	2	2	1	2	1	1	1	1	1	1	2	2	2	2	1	2	1	1																																																																										3		2	3	2				5	71	383	15	13	487		2022-06-13 18:04:31	1	0	5	5	3	1	1.62	104
846	"CASE000845"	"845"	"bogen3"	"interview"	2022-06-13 18:04:05																																																	2	1	1	1	2	1	1	2	2	2	2	1	1	2	2	1	2	2	2	2	1	2	1	2																																																																																																																																																																																																																										4		2	3	2				51	123	224	51	17	433		2022-06-13 18:11:51	1	0	5	5	3	1	0.59	0
868	"CASE000867"	"867"	"bogen11"	"interview"	2022-06-13 18:33:48																																																																																																																																																																																																																																																	2	2	2	1	1	1	2	1	2	1	2	1	2	1	2	2	1	1	2	1	1	2	1	1																										3		1		2				69	176	284	29	4	562		2022-06-13 18:43:10	1	0	5	5	4	1	0.87	8
876	"CASE000875"	"875"	"bogen4"	"interview"	2022-06-13 18:45:51																																																																									1	2	2	2	1	1	2	1	2	1	1	2	1	1	1	1	1	1	2	1	2	1	1	2																																																																																																																																																																																																		3		2	3	2				21	66	211	24	8	0		2022-06-13 18:51:22	1	0	5	5	3	1		100
884	"CASE000883"	"883"	"bogen7"	"interview"	2022-06-13 18:52:52																																																																																																																																																	2	2	2	2	2	1	1	1	1	1	1	2	1	2	2	1	1	2	2	1	1	1	1	1																																																																																																																										3		1		2				13	661	163	31	4	0		2022-06-13 19:07:25	1	0	5	5	4	1		100
900	"CASE000899"	"899"	"bogen9"	"interview"	2022-06-13 19:05:48																																																																																																																																																																																																	1	2	1	2	1	2	2	1	1	1	2	2	1	1	1	1	1	2	2	2	1	2	2	1																																																																										2		1		2				45	78	168	18	2	311		2022-06-13 19:10:59	1	0	5	5	4	1	1.72	61
904	"CASE000903"	"903"	"bogen7"	"interview"	2022-06-13 19:06:58																																																																																																																																																	1	2	2	2	1	1	2	1	2	1	1	1	2	1	1	2	2	1	2	1	1	1	1	1																																																																																																																										3		1		2				12	62	126	9	19	0		2022-06-13 19:10:46	1	0	5	5	4	1		100
912	"CASE000911"	"911"	"bogen2"	"interview"	2022-06-13 19:16:26																									1	2	2	1	1	2	1	1	2	2	2	1	1	1	1	1	2	1	1	1	2	2	2	1																																																																																																																																																																																																																																																		1		3	3	2				5	135	224	15	10	389		2022-06-13 19:22:56	1	0	5	5	7	1	1.29	44
920	"CASE000919"	"919"	"bogen5"	"interview"	2022-06-13 19:29:43																																																																																																	1	2	1	2	2	1	1	1	1	1	1	2	2	2	1	1	1	2	1	2	2	2	1	2																																																																																																																																																																										3		2	3	2				25	72	112	15	10	0		2022-06-13 19:33:37	1	0	5	5	3	1		100
922	"CASE000921"	"921"	"bogen3"	"interview"	2022-06-13 19:33:17																																																	1	1	1	2	1	2	1	2	1	2	2	1	1	2	1	1	2	1	2	2	1	2	2	1																																																																																																																																																																																																																										2		1		2				3	41	182	20	6	252		2022-06-13 19:37:29	1	0	5	5	4	1	1.87	51
926	"CASE000925"	"925"	"bogen1"	"interview"	2022-06-13 19:40:42	1	1	1	1	2	1	2	2	1	1	2	2	1	2	1	1	2	1	1	1	2	1	1	2																																																																																																																																																																																																																																																																										3		1		2				8	46	157	67	2	280		2022-06-13 19:45:22	1	0	5	5	4	1	1.22	17
928	"CASE000927"	"927"	"bogen8"	"interview"	2022-06-13 19:47:03																																																																																																																																																																									2	1	1	1	2	1	1	2	2	2	1	2	2	2	1	1	2	1	2	2	1	2	2	2																																																																																																		1		1		2				7	49	117	19	11	203		2022-06-13 19:50:26	1	0	5	5	4	1	1.23	11
932	"CASE000931"	"931"	"bogen6"	"interview"	2022-06-13 19:50:04																																																																																																																									1	1	1	1	1	1	1	1	1	1	1	1	2	1	1	2	2	1	1	1	1	1	2	1																																																																																																																																																		5		5	2	2				68	164	483	60	21	0		2022-06-13 20:03:20	1	0	5	5	3	1		100
943	"CASE000942"	"942"	"bogen3"	"interview"	2022-06-13 20:25:59																																																	1	1	1	1	1	1	1	2	1	2	2	2	1	1	1	1	1	1	1	2	2	2	1	1																																																																																																																																																																																																																										3		3	3	2				3	9	1175	12	6	237		2022-06-13 20:46:05	1	0	5	5	3	1	1.95	134
949	"CASE000948"	"948"	"bogen12"	"interview"	2022-06-13 20:33:27																																																																																																																																																																																																																																																																									1	2	1	2	2	1	1	2	1	1	1	2	2	2	2	2	2	2	2	1	1	1	2	1		4		3	3	1	"Red-green color blindness:)"	3	"Lisa is nice a smart girl :)"	7	259	241	31	22	560		2022-06-13 20:42:48	1	0	5	5	0	0	1.14	25
951	"CASE000950"	"950"	"bogen4"	"interview"	2022-06-13 20:43:59																																																																									1	2	2	1	1	1	1	1	1	1	2	2	2	2	1	1	1	2	1	1	1	2	1	1																																																																																																																																																																																																		1		1		2				4	13	230	15	2	0		2022-06-13 20:48:23	1	0	5	5	4	1		100
979	"CASE000978"	"978"	"bogen6"	"interview"	2022-06-13 22:48:18																																																																																																																									1	1	1	2	1	2	1	1	1	1	1	1	1	1	1	1	2	1	1	2	1	1	1	1																																																																																																																																																		7		1		2			"It was pretty fun and the first time I actively looked something up about AI. I dont know how I did but thanks for the experience "	7	86	80	25	47	0		2022-06-13 22:52:23	1	0	5	5	0	0		100
981	"CASE000980"	"980"	"bogen2"	"interview"	2022-06-13 22:49:16																									1	2	2	1	1	1	1	1	1	2	1	1	1	1	1	1	2	1	1	1	1	1	1	1																																																																																																																																																																																																																																																		3		1		2				45	163	233	16	3	460		2022-06-13 22:56:57	1	0	5	5	7	1	1.08	13
985	"CASE000984"	"984"	"bogen12"	"interview"	2022-06-13 22:54:37																																																																																																																																																																																																																																																																									1	1	1	2	1	1	1	2	1	1	2	2	2	2	1	1	1	2	2	1	1	1	2	1		3		1		2			"Easy to follow. 
If possible cut extent of instruction 
People are lazy "	7	87	149	14	39	296		2022-06-13 22:59:33	1	0	5	5	0	0	1.5	37
989	"CASE000988"	"988"	"bogen11"	"interview"	2022-06-13 22:58:46																																																																																																																																																																																																																																																	1	2	1	1	1	1	2	1	1	1	1	1	1	2	1	1	1	1	2	2	1	2	2	2																										3		1		2				113	117	141	9	2	382		2022-06-13 23:05:09	1	0	5	5	4	1	1.72	50
997	"CASE000996"	"996"	"bogen7"	"interview"	2022-06-14 00:11:23																																																																																																																																																	2	2	1	1	2	2	2	1	2	1	1	1	2	2	2	2	2	1	2	2	1	2	1	1																																																																																																																										4		2	3	2				7	45	114	14	24	0		2022-06-14 00:14:47	1	0	5	5	3	1		100
999	"CASE000998"	"998"	"bogen2"	"interview"	2022-06-14 00:19:12																									1	2	2	1	1	1	1	2	1	2	2	1	1	1	2	2	2	1	1	1	2	2	1	1																																																																																																																																																																																																																																																		2		3	4	2				50	182	182	29	13	456		2022-06-14 00:26:48	1	0	5	5	7	1	0.66	1
1023	"CASE001022"	"1022"	"bogen11"	"interview"	2022-06-14 08:29:29																																																																																																																																																																																																																																																	1	2	1	1	1	1	2	1	1	1	2	1	1	2	2	1	1	2	2	2	1	2	2	1																										4		4	3	2				134	113	238	60	13	522		2022-06-14 08:38:47	1	0	5	5	3	1	0.63	1
1033	"CASE001032"	"1032"	"bogen8"	"interview"	2022-06-14 09:38:45																																																																																																																																																																									2	2	2	2	2	2	2	2	2	2	2	2	2	2	2	2	2	2	2	2	2	2	2	2																																																																																																		2		2	3	2				5	126	117	16	72	281		2022-06-14 09:44:21	1	0	5	5	3	1	0.98	13
1041	"CASE001040"	"1040"	"bogen9"	"interview"	2022-06-14 09:46:56																																																																																																																																																																																																	2	2	1	1	1	2	2	1	1	2	1	2	1	1	2	2	2	2	2	2	2	1	1	2																																																																										3		3	4	2				735	293	126	18	10	496		2022-06-14 10:06:38	1	0	5	5	3	1	0.88	7
1063	"CASE001062"	"1062"	"bogen5"	"interview"	2022-06-14 10:28:37																																																																																																	2	2	2	1	2	2	1	2	1	1	1	1	2	1	1	1	1	2	1	1	2	2	2	1																																																																																																																																																																										7		1		2				101	472	477	45	6	0		2022-06-14 10:46:58	1	0	5	5	4	1		100
1067	"CASE001066"	"1066"	"bogen11"	"interview"	2022-06-14 10:31:21																																																																																																																																																																																																																																																	2	2	2	2	1	1	2	2	1	1	2	1	1	2	2	2	1	2	2	2	2	2	2	2																										3		2	4	2				2	31	273	37	21	364		2022-06-14 10:37:25	1	0	5	5	3	1	1.59	96
1069	"CASE001068"	"1068"	"bogen3"	"interview"	2022-06-14 10:35:56																																																	1	1	1	1	1	1	1	2	1	1	2	2	2	2	1	1	2	1	1	2	1	1	1	2																																																																																																																																																																																																																										2		3	2	2				6	68	258	32	14	378		2022-06-14 10:42:14	1	0	5	5	3	1	1.09	12
1123	"CASE001122"	"1122"	"bogen10"	"interview"	2022-06-14 13:44:00																																																																																																																																																																																																																									1	1	2	1	2	2	1	2	2	1	1	1	2	1	1	2	1	1	1	1	2	2	2	2																																																		5		2	3	2			"sometime hard to differentiate between ""do you think the AI recognized X"" and ""do you think the AI recognizing X was justified in this case""?"	195	152	434	19	96	0		2022-06-14 13:58:56	1	0	5	5	0	0		100
1141	"CASE001140"	"1140"	"bogen7"	"interview"	2022-06-14 14:29:18																																																																																																																																																	2	2	2	2	2	2	1	1	2	1	1	2	1	1	2	1	2	2	2	2	1	2	1	2																																																																																																																										3		1		2				50	148	274	106	7	0		2022-06-14 14:39:03	1	0	5	5	4	1		100
1147	"CASE001146"	"1146"	"bogen11"	"interview"	2022-06-14 14:55:27																																																																																																																																																																																																																																																	2	2	2	2	1	2	2	2	2	2	2	2	2	2	2	2	1	2	2	2	2	2	2	2																										3		4	4	2				4	76	240	16	50	343		2022-06-14 15:01:53	1	0	5	5	3	1	1.44	41
1155	"CASE001154"	"1154"	"bogen1"	"interview"	2022-06-14 15:16:22	2	1	2	1	1	1	1	2	2	2	2	2	2	2	1	1	2	1	1	2	2	2	2	1																																																																																																																																																																																																																																																																										1		1		2				9	62	140	17	2	230		2022-06-14 15:20:12	1	0	5	5	4	1	1.35	19
1157	"CASE001156"	"1156"	"bogen3"	"interview"	2022-06-14 15:18:59																																																	1	2	1	1	1	1	1	2	1	1	2	1	2	2	2	1	1	2	2	2	1	2	2	2																																																																																																																																																																																																																										5		2	4	2			"Good luck with the experiment!"	12	139	322	12	46	498		2022-06-14 15:27:50	1	0	5	5	0	0	0.8	5
1161	"CASE001160"	"1160"	"bogen8"	"interview"	2022-06-14 15:42:08																																																																																																																																																																									2	2	1	1	2	1	2	2	2	2	1	2	2	2	2	2	1	1	1	1	1	1	2	2																																																																																																		4		1		2				18	40	102	17	4	181		2022-06-14 15:45:09	1	0	5	5	4	1	1.47	41
1167	"CASE001166"	"1166"	"bogen12"	"interview"	2022-06-14 16:43:58																																																																																																																																																																																																																																																																									1	2	1	1	2	1	1	2	1	1	2	2	1	2	1	2	2	1	1	1	1	2	2	1		4		3	2	2				153	64	280	25	16	538		2022-06-14 16:52:56	1	0	5	5	3	1	0.82	1
1175	"CASE001174"	"1174"	"bogen2"	"interview"	2022-06-14 17:19:36																									1	2	2	1	1	1	1	2	2	1	2	2	1	1	1	2	1	1	1	1	1	1	1	1																																																																																																																																																																																																																																																		4		1		2				68	128	193	13	2	404		2022-06-14 17:26:20	1	0	5	5	7	1	1.29	27
1193	"CASE001192"	"1192"	"bogen12"	"interview"	2022-06-14 18:48:07																																																																																																																																																																																																																																																																									2	1	1	2	2	1	1	2	1	2	2	2	2	1	2	2	2	2	1	2	1	1	2	1		5		1		2			"to be honest, for me, it was more of a guessing, than having an imagination of possibilities of KI"	135	343	416	25	61	980		2022-06-14 19:04:27	1	0	5	5	0	0	0.44	0
1201	"CASE001200"	"1200"	"bogen8"	"interview"	2022-06-14 18:57:32																																																																																																																																																																									2	1	1	1	2	2	1	2	1	2	1	1	2	1	1	1	2	1	2	1	2	2	2	2																																																																																																		2		1		2			"Make the intro easier to understand. Its a bit much to wrap ones head around quickly"	19	171	332	47	55	624		2022-06-14 19:07:56	1	0	5	5	0	0	0.39	0
1205	"CASE001204"	"1204"	"bogen6"	"interview"	2022-06-14 19:42:50																																																																																																																									2	1	2	1	1	2	1	2	1	1	1	2	1	1	1	2	2	2	2	2	2	2	2	2																																																																																																																																																		3		2	4	1	"red green color blindness, astigmatism"	3		6	206	272	27	10	0		2022-06-14 19:51:31	1	0	5	5	3	1		100
1207	"CASE001206"	"1206"	"bogen11"	"interview"	2022-06-14 19:43:27																																																																																																																																																																																																																																																	2	2	1	1	1	2	2	2	1	1	2	1	1	2	1	2	1	2	2	1	2	2	1	1																										1		1		2				80	191	274	29	4	578		2022-06-14 19:53:05	1	0	5	5	4	1	0.86	8
1213	"CASE001212"	"1212"	"bogen5"	"interview"	2022-06-14 19:58:45																																																																																																	2	1	2	2	2	2	1	1	1	2	1	1	2	2	1	1	1	2	2	2	2	2	2	1																																																																																																																																																																										5		2	4	2				39	149	219	31	10	0		2022-06-14 20:06:13	1	0	5	5	3	1		100
1223	"CASE001222"	"1222"	"bogen8"	"interview"	2022-06-14 21:04:28																																																																																																																																																																									2	1	1	1	1	1	1	2	2	2	1	1	2	2	1	1	1	1	1	1	1	2	2	1																																																																																																		5		5	3	2			"Good to outcome in the future "	94	141	207	36	38	431		2022-06-14 21:13:04	1	0	5	5	0	0	0.43	0
1227	"CASE001226"	"1226"	"bogen6"	"interview"	2022-06-14 22:16:59																																																																																																																									2	1	1	2	1	2	2	2	1	2	1	2	2	1	2	1	2	1	2	2	2	1	1	2																																																																																																																																																		3		1		2				3	5	115	31	2	0		2022-06-14 22:19:35	1	0	5	5	4	1		100
1229	"CASE001228"	"1228"	"bogen10"	"interview"	2022-06-15 00:23:00																																																																																																																																																																																																																									1	1	2	1	2	1	2	2	1	2	1	1	1	2	1	2	1	1	2	1	2	2	2	1																																																		3		1		2				130	367	589	74	17	0		2022-06-15 00:42:37	1	0	5	5	4	1		100
1235	"CASE001234"	"1234"	"bogen4"	"interview"	2022-06-15 08:08:25																																																																									1	1	2	2	1	2	1	1	1	1	2	2	2	2	1	1	1	2	1	1	2	2	1	1																																																																																																																																																																																																		4		3	3	2				100	504	933	16	48	0		2022-06-15 08:35:06	1	0	5	5	3	1		100
1239	"CASE001238"	"1238"	"bogen6"	"interview"	2022-06-15 09:10:46																																																																																																																									2	1	1	2	1	1	2	2	1	2	1	1	2	1	1	2	2	2	2	2	2	2	2	2																																																																																																																																																		5		3	2	2			"Based on my knowledge of image recognition and adversarial attacks, it is really hard to judge if the images were classified correctly. Knowing the decision, the coloring and explanation might be helpful to understand the reasons for a correct or incorrect classification. However, without knowing the classification, it relay can be hard because even if distinctive and descriptive features might have been used for the classification, it still can be very wrong."	17	177	272	24	320	0		2022-06-15 09:24:16	1	0	5	5	0	0		100
1249	"CASE001248"	"1248"	"bogen2"	"interview"	2022-06-15 12:36:07																									1	2	2	1	1	2	1	2	2	2	1	1	1	1	1	1	2	1	1	1	2	1	2	1																																																																																																																																																																																																																																																		2		3	3	2				81	87	561	32	7	402		2022-06-15 12:48:55	1	0	5	5	7	1	0.68	2
1253	"CASE001252"	"1252"	"bogen5"	"interview"	2022-06-15 13:08:48																																																																																																	1	2	2	2	2	2	2	1	2	1	1	2	2	2	2	1	2	2	2	1	1	2	2	1																																																																																																																																																																										2		3	3	2			"Good explanation s, nice samples"	40	221	170	15	38	0		2022-06-15 13:16:53	1	0	5	5	0	0		100
1255	"CASE001254"	"1254"	"bogen10"	"interview"	2022-06-15 13:11:18																																																																																																																																																																																																																									1	1	2	2	1	1	2	2	1	1	1	1	1	2	1	2	1	1	2	1	2	2	2	1																																																		3		1		2				7	59	161	13	29	0		2022-06-15 13:15:47	1	0	5	5	4	1		100
1257	"CASE001256"	"1256"	"bogen3"	"interview"	2022-06-15 14:04:31																																																	1	1	1	1	1	1	1	1	1	1	2	2	2	2	2	1	2	2	2	2	2	2	2	1																																																																																																																																																																																																																										5		2	3	2			"Put the back button also at the top"	30	116	211	14	23	394		2022-06-15 14:11:05	1	0	5	5	0	0	0.79	3
1259	"CASE001258"	"1258"	"bogen12"	"interview"	2022-06-15 14:54:58																																																																																																																																																																																																																																																																									1	1	1	2	1	1	1	2	1	1	2	2	2	1	2	2	2	1	1	1	2	2	2	1		3		1		2			"That was an amazing test, I tried to focus on colored parts of pictures, but still not sure if I was wrong. Btw, good luck to the authors, they did an amazing job! "	37	68	456	68	179	602		2022-06-15 15:08:26	1	0	5	5	0	0	0.53	1
1267	"CASE001266"	"1266"	"bogen3"	"interview"	2022-06-15 15:26:05																																																	1	2	1	1	1	1	1	2	1	1	2	2	2	2	1	1	2	2	2	2	1	2	2	2																																																																																																																																																																																																																										1		1		2				29	95	439	20	24	607		2022-06-15 15:36:12	1	0	5	5	4	1	0.65	0
1270	"CASE001269"	"1269"	"bogen9"	"interview"	2022-06-15 15:28:11																																																																																																																																																																																																	1	2	1	1	1	2	1	1	1	1	1	2	1	2	1	1	2	2	1	1	2	2	2	1																																																																										1		1		2				22	193	568	25	9	453		2022-06-15 15:41:49	1	0	5	5	4	1	1.09	14
1274	"CASE001273"	"1273"	"bogen1"	"interview"	2022-06-15 15:47:01	2	2	2	2	1	1	1	1	1	1	1	2	1	2	1	2	2	2	1	2	1	2	2	1																																																																																																																																																																																																																																																																										7		1		2				16	100	265	18	2	294		2022-06-15 15:53:42	1	0	5	5	4	1	1.08	18
1322	"CASE001321"	"1321"	"bogen6"	"interview"	2022-06-15 18:14:23																																																																																																																									2	2	2	1	1	2	1	2	1	1	1	1	2	1	1	2	2	1	2	2	2	2	2	1																																																																																																																																																		4		2	2	2			"The highlighted areas were important to understand WHY it categorizes certain pictures the way it does. If it categorizes a black plastic circle as a ""lens cap"" by the name ""Canon"" on the cap, then that is understandable and desirable. If it recognizes fur coat by the woman wearing it, then it does not make sense."	495	87	393	23	290	0		2022-06-15 18:35:51	1	0	5	5	0	0		100
1324	"CASE001323"	"1323"	"bogen12"	"interview"	2022-06-15 18:25:16																																																																																																																																																																																																																																																																									2	1	1	1	2	2	1	1	1	1	2	2	1	1	2	1	2	2	1	1	1	1	2	1		5		2	4	2				113	50	195	11	6	375		2022-06-15 18:31:32	1	0	5	5	3	1	1.55	35
1346	"CASE001345"	"1345"	"bogen11"	"interview"	2022-06-15 18:54:01																																																																																																																																																																																																																																																	2	2	2	1	1	1	2	2	2	1	2	1	2	2	2	1	1	2	2	2	1	2	2	2																										5		4	3	2				29	181	276	16	7	509		2022-06-15 19:02:30	1	0	5	5	3	1	0.92	5
1350	"CASE001349"	"1349"	"bogen2"	"interview"	2022-06-15 19:09:39																									2	1	2	1	1	2	1	2	2	1	1	1	1	1	1	2	2	1	1	1	2	2	2	1																																																																																																																																																																																																																																																		1		1		2				2	45	132	10	2	191		2022-06-15 19:12:50	1	0	5	5	7	1	2.29	150
1370	"CASE001369"	"1369"	"bogen2"	"interview"	2022-06-15 21:05:32																									1	1	2	1	1	1	1	1	1	1	1	1	1	1	1	1	1	1	1	1	1	1	1	1																																																																																																																																																																																																																																																	"I believe there is bias in the perceived complexity of the image translating into yes/no answers."	5		3	3	2				62	44	236	12	7	361		2022-06-15 21:11:33	1	0	5	5	3	1	1.21	18
1372	"CASE001371"	"1371"	"bogen11"	"interview"	2022-06-15 21:09:50																																																																																																																																																																																																																																																	2	1	2	1	1	1	2	1	2	1	1	1	1	2	2	2	1	1	2	2	2	2	1	2																										4		1		2			"Nice"	16	69	372	24	13	494		2022-06-15 21:18:04	1	0	5	5	0	0	0.98	6
1380	"CASE001379"	"1379"	"bogen4"	"interview"	2022-06-15 21:59:42																																																																									1	2	2	1	1	1	1	2	1	1	2	2	2	2	1	2	1	2	2	2	2	1	2	2																																																																																																																																																																																																		4		2	3	2				19	487	205	16	13	0		2022-06-15 22:12:02	1	0	5	5	3	1		100
1384	"CASE001383"	"1383"	"bogen10"	"interview"	2022-06-15 22:14:42																																																																																																																																																																																																																									1	1	2	1	2	1	1	2	1	1	1	2	1	1	2	2	1	1	1	2	2	2	2	1																																																		4		2	3	2				19	75	556	20	10	0		2022-06-15 22:26:02	1	0	5	5	3	1		100
1394	"CASE001393"	"1393"	"bogen7"	"interview"	2022-06-16 02:16:38																																																																																																																																																	1	2	2	1	1	1	1	1	1	2	1	2	1	2	1	1	2	1	1	2	1	1	1	1																																																																																																																										5		3	3	2			"It was helpful for me bcz i gonna work on xai for my phd thesis and i need to read this kind of article.thank you so much.plz if possible write about xai in image quality assessment."	12	44	271	46	205	0		2022-06-16 02:26:16	1	0	5	5	0	0		100
1402	"CASE001401"	"1401"	"bogen2"	"interview"	2022-06-16 08:25:23																									1	2	2	1	1	2	1	2	2	2	1	1	1	1	2	1	2	1	1	1	2	1	2	1																																																																																																																																																																																																																																																		4		3	3	2				43	179	192	27	8	449		2022-06-16 08:32:52	1	0	5	5	7	1	0.74	0
1412	"CASE001411"	"1411"	"bogen1"	"interview"	2022-06-16 09:07:59	2	2	1	1	1	2	1	1	1	1	1	2	1	2	1	2	2	1	1	2	2	2	2	2																																																																																																																																																																																																																																																																										3		2	3	2				9	39	110	30	10	198		2022-06-16 09:11:17	1	0	5	5	3	1	1	8
1422	"CASE001421"	"1421"	"bogen9"	"interview"	2022-06-16 10:55:11																																																																																																																																																																																																	1	2	1	1	1	2	2	1	1	2	2	1	1	2	1	1	1	2	2	2	1	2	1	1																																																																										4		1		2				52	208	176	16	4	456		2022-06-16 11:02:48	1	0	5	5	4	1	1.37	21
1436	"CASE001435"	"1435"	"bogen4"	"interview"	2022-06-16 14:24:40																																																																									1	1	2	2	1	1	2	1	2	1	2	2	2	2	1	1	1	2	2	2	2	2	2	1																																																																																																																																																																																																		5		4	3	2				13	58	186	16	8	0		2022-06-16 14:29:21	1	0	5	5	3	1		100
1442	"CASE001441"	"1441"	"bogen3"	"interview"	2022-06-16 16:45:20																																																	2	2	1	1	1	1	1	1	1	2	2	2	2	1	1	1	1	1	2	1	2	1	1	1																																																																																																																																																																																																																										4		3	5	2				14	149	393	33	13	602		2022-06-16 16:55:22	1	0	5	5	3	1	0.69	0
1448	"CASE001447"	"1447"	"bogen10"	"interview"	2022-06-16 19:03:36																																																																																																																																																																																																																									1	1	1	1	1	2	1	1	2	1	1	1	1	2	1	1	1	1	1	1	2	2	1	2																																																		1		2	4	2				12	272	305	21	12	0		2022-06-16 19:13:58	1	0	5	5	3	1		100
1452	"CASE001451"	"1451"	"bogen1"	"interview"	2022-06-16 21:57:33	2	2	1	2	1	2	2	2	1	1	1	2	1	2	1	1	1	1	1	2	2	1	1	1																																																																																																																																																																																																																																																																										3		2	3	2				5	15	187	10	5	222		2022-06-16 22:01:15	1	0	5	5	3	1	1.76	46
1456	"CASE001455"	"1455"	"bogen5"	"interview"	2022-06-17 09:48:20																																																																																																	1	2	2	1	2	2	1	1	2	1	1	2	2	2	1	1	1	2	1	1	1	1	1	2																																																																																																																																																																										4		1		2				20	97	241	23	2	0		2022-06-17 09:54:43	1	0	5	5	4	1		100
1460	"CASE001459"	"1459"	"bogen4"	"interview"	2022-06-17 10:10:04																																																																									1	1	1	1	2	1	1	1	2	2	2	2	2	1	1	1	1	2	2	1	2	1	2	1																																																																																																																																																																																																		3		2	3	2				86	5850	126	21	9	0		2022-06-17 11:51:36	1	0	5	5	3	1		100
1462	"CASE001461"	"1461"	"bogen8"	"interview"	2022-06-17 10:41:02																																																																																																																																																																									1	1	1	1	2	2	1	1	2	2	1	1	2	1	1	1	2	1	1	1	2	2	2	2																																																																																																		4		2	3	2				45	141	242	41	12	481		2022-06-17 10:49:03	1	0	5	5	3	1	0.61	4
1474	"CASE001473"	"1473"	"bogen2"	"interview"	2022-06-17 12:54:03																									2	2	2	1	2	2	1	2	2	1	1	1	1	2	2	2	2	2	1	2	2	1	2	2																																																																																																																																																																																																																																																		4		3	4	2				1039	51	649	16	11	300		2022-06-17 13:23:29	1	0	5	5	7	1	0.81	11
1482	"CASE001481"	"1481"	"bogen8"	"interview"	2022-06-17 14:04:53																																																																																																																																																																									2	1	1	1	1	1	1	1	1	2	1	1	2	1	1	1	2	1	1	1	2	1	2	2																																																																																																		2		1		2				46	110	152	17	4	329		2022-06-17 14:10:22	1	0	5	5	4	1	1.15	34
1488	"CASE001487"	"1487"	"bogen5"	"interview"	2022-06-17 16:05:57																																																																																																	2	2	2	2	2	2	2	1	1	2	2	2	2	2	2	1	1	2	2	2	2	1	2	2																																																																																																																																																																										2		3	3	2				3	43	162	15	9	0		2022-06-17 16:09:49	1	0	5	5	3	1		100
1490	"CASE001489"	"1489"	"bogen3"	"interview"	2022-06-18 00:49:47																																																	1	2	1	2	1	1	1	1	1	1	2	1	2	2	1	1	2	2	2	2	1	1	2	1																																																																																																																																																																																																																										2		3	2	2				10	115	195	12	8	340		2022-06-18 00:55:27	1	0	5	5	3	1	1.2	12
1502	"CASE001501"	"1501"	"bogen6"	"interview"	2022-06-18 16:08:33																																																																																																																									2	1	1	2	2	2	2	2	1	1	1	2	2	1	2	2	2	1	1	1	2	1	2	1																																																																																																																																																		5		3	4	2				45	188	271	13	7	0		2022-06-18 16:17:17	1	0	5	5	3	1		100
1514	"CASE001513"	"1513"	"bogen9"	"interview"	2022-06-19 21:54:15																																																																																																																																																																																																	1	2	1	1	1	2	2	1	1	1	1	1	1	1	1	1	2	2	1	1	2	1	1	1																																																																										3		2	2	2			"Very interesting, thanks "	74	210	231	25	16	556		2022-06-19 22:03:31	1	0	5	5	0	0	0.76	0
1536	"CASE001535"	"1535"	"bogen10"	"interview"	2022-06-20 18:19:50																																																																																																																																																																																																																									1	1	2	1	1	2	1	2	1	2	1	2	2	1	2	1	1	1	2	2	2	2	1	1																																																		4		5	2	2				55	239	474	42	12	0		2022-06-20 18:33:32	1	0	5	5	3	1		100
1538	"CASE001537"	"1537"	"bogen7"	"interview"	2022-06-20 20:35:10																																																																																																																																																	1	2	1	2	1	2	1	1	2	2	2	1	2	1	2	1	1	1	1	2	1	1	2	2																																																																																																																										5		1		2				2	20	65	10	3	0		2022-06-20 20:36:50	1	0	5	5	4	1		100
1542	"CASE001541"	"1541"	"bogen9"	"interview"	2022-06-20 23:43:13																																																																																																																																																																																																	2	2	1	2	1	2	2	2	2	1	1	2	2	2	1	1	2	2	2	2	2	2	1	1																																																																										3		4	3	2			"It would be helpful to know, if the AI model was actually trained on data as specific as e.g. water tank or boathouse. "	552	139	976	55	78	422		2022-06-21 00:13:13	1	0	5	5	0	0	0.41	3
1556	"CASE001555"	"1555"	"bogen4"	"interview"	2022-06-21 15:30:38																																																																									1	2	2	1	2	2	1	1	1	2	2	2	1	1	1	1	1	1	2	1	2	2	2	1																																																																																																																																																																																																		3		3	4	2				7	45	151	17	9	0		2022-06-21 15:34:27	1	0	5	5	3	1		100
1558	"CASE001557"	"1557"	"bogen3"	"interview"	2022-06-21 15:51:28																																																	1	1	1	1	1	1	1	1	1	2	2	2	2	2	1	1	1	1	2	2	1	1	2	1																																																																																																																																																																																																																										3		3	3	2			"Were these random images? I had the feeling these were especially difficult images to classify for an AI, as most objects were obscured or in unusual positions / contexts / backgrounds. I think this might bias the results of the AI and also of the rater! (Grias de Strolls :D)"	43	87	154	18	90	315		2022-06-21 15:58:00	1	0	5	5	0	0	0.76	4
1560	"CASE001559"	"1559"	"bogen12"	"interview"	2022-06-21 15:58:58																																																																																																																																																																																																																																																																									1	1	1	1	1	1	1	1	1	1	2	2	2	1	2	1	1	1	2	1	1	2	1	1		7		1		2				55	78	173	25	4	335		2022-06-21 16:04:34	1	0	5	5	4	1	1.33	33
1562	"CASE001561"	"1561"	"bogen9"	"interview"	2022-06-21 16:02:49																																																																																																																																																																																																	1	2	1	2	1	2	2	1	1	1	1	2	1	1	1	1	2	2	2	2	1	2	2	1																																																																										3		1		2				7	75	158	15	3	258		2022-06-21 16:07:07	1	0	5	5	4	1	2.18	105
1564	"CASE001563"	"1563"	"bogen6"	"interview"	2022-06-21 16:10:55																																																																																																																									2	1	1	1	1	2	2	2	1	2	2	2	1	1	2	1	2	1	2	1	1	1	1	2																																																																																																																																																		3		2	3	2				30	104	343	382	9	0		2022-06-21 16:25:23	1	0	5	5	3	1		100
1566	"CASE001565"	"1565"	"bogen5"	"interview"	2022-06-21 16:26:42																																																																																																	1	2	2	2	2	2	1	1	1	1	1	2	2	2	1	1	1	2	1	1	2	2	2	1																																																																																																																																																																										4		1		2			"You should specify faces of dogs if several dogs Are shown in one picture "	12	129	185	12	26	0		2022-06-21 16:32:47	1	0	5	5	0	0		100
1573	"CASE001572"	"1572"	"bogen1"	"interview"	2022-06-21 17:14:45	1	2	1	1	1	1	1	2	1	1	2	2	1	2	1	1	2	2	1	1	1	2	2	2																																																																																																																																																																																																																																																																										6	"PhD candidate "	1		2			"I guess, my interpretation is mostly based on the assignability of the object itself. That means, if I was able to certainly recognise the object, I was rather sure the AI was also able to."	8	162	261	25	282	358		2022-06-21 17:27:03	1	0	5	5	0	0	0.58	1
1578	"CASE001577"	"1577"	"bogen11"	"interview"	2022-06-21 19:34:59																																																																																																																																																																																																																																																	1	2	1	1	1	1	2	2	2	1	2	1	1	2	2	1	1	2	2	2	1	2	2	2																										4		5	3	1	"Glasses"	1		2	235	260	22	15	534		2022-06-21 19:43:53	1	0	5	5	3	1	1.21	71
1580	"CASE001579"	"1579"	"bogen2"	"interview"	2022-06-21 19:36:09																									1	2	2	1	1	2	1	2	2	1	2	1	1	1	2	2	1	1	1	2	1	2	2	1																																																																																																																																																																																																																																																	"IK must learn a lot, to work better :-)"	1		1		2			"It was a pleasure, to try to think as KI and the computer."	5	142	366	39	47	559		2022-06-21 19:46:08	1	0	5	5	0	0	0.97	43
1588	"CASE001587"	"1587"	"bogen12"	"interview"	2022-06-22 12:42:10																																																																																																																																																																																																																																																																									2	1	1	2	2	1	1	2	1	1	1	1	2	1	1	2	2	2	1	1	1	1	2	1		3		4	3	2				10	208	260	19	16	513		2022-06-22 12:50:43	1	0	5	5	3	1	1.19	18
1590	"CASE001589"	"1589"	"bogen5"	"interview"	2022-06-22 12:42:11																																																																																																	2	2	2	2	2	2	1	1	1	1	1	2	2	2	1	1	1	2	1	1	2	2	2	2																																																																																																																																																																										4		5	3	2				7035	355	787	35	66	0		2022-06-22 15:00:09	1	0	5	5	3	1		100
1594	"CASE001593"	"1593"	"bogen8"	"interview"	2022-06-22 12:42:32																																																																																																																																																																									1	2	1	1	1	1	2	1	2	1	1	2	2	2	2	1	1	1	2	2	1	2	2	1																																																																																																		1		2	4	2				9	17	99	12	25	162		2022-06-22 12:45:14	1	0	5	5	3	1	1.54	30
1604	"CASE001603"	"1603"	"bogen9"	"interview"	2022-06-22 12:48:50																																																																																																																																																																																																	2	1	1	2	1	2	2	1	1	2	1	1	1	2	1	1	2	1	1	1	1	2	1	1																																																																										2		1		2			"Hard to understand for people without any experience in AI."	58	234	252	30	55	585		2022-06-22 12:59:19	1	0	5	5	0	0	0.64	0
1608	"CASE001607"	"1607"	"bogen2"	"interview"	2022-06-22 13:43:25																									1	2	2	1	1	2	1	2	1	1	1	1	1	1	2	2	1	1	1	1	2	1	1	1																																																																																																																																																																																																																																																		3		2	3	1	"red-green color blindness"	2		7	14	131	30	12	194		2022-06-22 13:46:40	1	0	5	5	6	1	1.72	99
1610	"CASE001609"	"1609"	"bogen1"	"interview"	2022-06-22 14:16:17	1	1	2	2	1	2	2	2	1	1	2	2	2	2	1	2	2	2	1	1	2	2	2	2																																																																																																																																																																																																																																																																										2		1		2				112	175	187	95	5	399		2022-06-22 14:25:51	1	0	5	5	4	1	0.49	0
1620	"CASE001619"	"1619"	"bogen3"	"interview"	2022-06-22 20:01:12																																																	1	2	1	2	1	2	1	1	1	1	2	2	1	2	1	1	1	2	2	1	1	1	2	1																																																																																																																																																																																																																										2		2	4	2				6	44	168	16	9	243		2022-06-22 20:05:15	1	0	5	5	3	1	1.53	26